"Collection","CollectionSlug","SourceName","TargetRelative"
"Bilder Fantasy IV","fantasy-iv","Jakob_Schmuck_S&S_Trauringe_S273.jpg","neue_ringe/simon-und-soehne/fantasy-iv/jakob-schmuck-sunds-trauringe-s273.jpg"
"Bilder Fantasy IV","fantasy-iv","Jakob_Schmuck_S&S_Trauringe_S274.jpg","neue_ringe/simon-und-soehne/fantasy-iv/jakob-schmuck-sunds-trauringe-s274.jpg"
"Bilder Fantasy IV","fantasy-iv","Jakob_Schmuck_S&S_Trauringe_S275.jpg","neue_ringe/simon-und-soehne/fantasy-iv/jakob-schmuck-sunds-trauringe-s275.jpg"
"Bilder Fantasy IV","fantasy-iv","Jakob_Schmuck_S&S_Trauringe_S276.jpg","neue_ringe/simon-und-soehne/fantasy-iv/jakob-schmuck-sunds-trauringe-s276.jpg"
"Bilder Fantasy IV","fantasy-iv","Jakob_Schmuck_S&S_Trauringe_S277.jpg","neue_ringe/simon-und-soehne/fantasy-iv/jakob-schmuck-sunds-trauringe-s277.jpg"
"Bilder Fantasy IV","fantasy-iv","Jakob_Schmuck_S&S_Trauringe_S278.jpg","neue_ringe/simon-und-soehne/fantasy-iv/jakob-schmuck-sunds-trauringe-s278.jpg"
"Bilder Fantasy IV","fantasy-iv","Jakob_Schmuck_S&S_Trauringe_S279.jpg","neue_ringe/simon-und-soehne/fantasy-iv/jakob-schmuck-sunds-trauringe-s279.jpg"
"Bilder Fantasy IV","fantasy-iv","Jakob_Schmuck_S&S_Trauringe_S280.jpg","neue_ringe/simon-und-soehne/fantasy-iv/jakob-schmuck-sunds-trauringe-s280.jpg"
"Bilder Fantasy IV","fantasy-iv","Jakob_Schmuck_S&S_Trauringe_S281.jpg","neue_ringe/simon-und-soehne/fantasy-iv/jakob-schmuck-sunds-trauringe-s281.jpg"
"Bilder Fantasy IV","fantasy-iv","Jakob_Schmuck_S&S_Trauringe_S282.jpg","neue_ringe/simon-und-soehne/fantasy-iv/jakob-schmuck-sunds-trauringe-s282.jpg"
"Bilder Fantasy IV","fantasy-iv","Jakob_Schmuck_S&S_Trauringe_S283.jpg","neue_ringe/simon-und-soehne/fantasy-iv/jakob-schmuck-sunds-trauringe-s283.jpg"
"Bilder Fantasy IV","fantasy-iv","Jakob_Schmuck_S&S_Trauringe_S284.jpg","neue_ringe/simon-und-soehne/fantasy-iv/jakob-schmuck-sunds-trauringe-s284.jpg"
"Bilder Fantasy IV","fantasy-iv","Jakob_Schmuck_S&S_Trauringe_S285.jpg","neue_ringe/simon-und-soehne/fantasy-iv/jakob-schmuck-sunds-trauringe-s285.jpg"
"Bilder Fantasy IV","fantasy-iv","Jakob_Schmuck_S&S_Trauringe_S286.jpg","neue_ringe/simon-und-soehne/fantasy-iv/jakob-schmuck-sunds-trauringe-s286.jpg"
"Bilder Fantasy IV","fantasy-iv","Jakob_Schmuck_S&S_Trauringe_S287.jpg","neue_ringe/simon-und-soehne/fantasy-iv/jakob-schmuck-sunds-trauringe-s287.jpg"
"Bilder Fantasy IV","fantasy-iv","Jakob_Schmuck_S&S_Trauringe_S288.jpg","neue_ringe/simon-und-soehne/fantasy-iv/jakob-schmuck-sunds-trauringe-s288.jpg"
"Bilder Fantasy IV","fantasy-iv","Jakob_Schmuck_S&S_Trauringe_S289.jpg","neue_ringe/simon-und-soehne/fantasy-iv/jakob-schmuck-sunds-trauringe-s289.jpg"
"Bilder Fantasy IV","fantasy-iv","Jakob_Schmuck_S&S_Trauringe_S290.jpg","neue_ringe/simon-und-soehne/fantasy-iv/jakob-schmuck-sunds-trauringe-s290.jpg"
"Bilder Fantasy IV","fantasy-iv","Jakob_Schmuck_S&S_Trauringe_S291.jpg","neue_ringe/simon-und-soehne/fantasy-iv/jakob-schmuck-sunds-trauringe-s291.jpg"
"Bilder Fantasy IV","fantasy-iv","Jakob_Schmuck_S&S_Trauringe_S292.jpg","neue_ringe/simon-und-soehne/fantasy-iv/jakob-schmuck-sunds-trauringe-s292.jpg"
"Bilder Fantasy IV","fantasy-iv","Jakob_Schmuck_S&S_Trauringe_S293.jpg","neue_ringe/simon-und-soehne/fantasy-iv/jakob-schmuck-sunds-trauringe-s293.jpg"
"Bilder Fantasy IV","fantasy-iv","Jakob_Schmuck_S&S_Trauringe_S294.jpg","neue_ringe/simon-und-soehne/fantasy-iv/jakob-schmuck-sunds-trauringe-s294.jpg"
"Bilder Fantasy IV","fantasy-iv","Jakob_Schmuck_S&S_Trauringe_S295.jpg","neue_ringe/simon-und-soehne/fantasy-iv/jakob-schmuck-sunds-trauringe-s295.jpg"
"Bilder Fantasy IV","fantasy-iv","Jakob_Schmuck_S&S_Trauringe_S296.jpg","neue_ringe/simon-und-soehne/fantasy-iv/jakob-schmuck-sunds-trauringe-s296.jpg"
"Bilder Illusionbox","illusionbox","I01-G55.jpg","neue_ringe/simon-und-soehne/illusionbox/i01-g55.jpg"
"Bilder Illusionbox","illusionbox","I01-G65.jpg","neue_ringe/simon-und-soehne/illusionbox/i01-g65.jpg"
"Bilder Illusionbox","illusionbox","I01-G75.jpg","neue_ringe/simon-und-soehne/illusionbox/i01-g75.jpg"
"Bilder Illusionbox","illusionbox","I01-R55.jpg","neue_ringe/simon-und-soehne/illusionbox/i01-r55.jpg"
"Bilder Illusionbox","illusionbox","I01-R65.jpg","neue_ringe/simon-und-soehne/illusionbox/i01-r65.jpg"
"Bilder Illusionbox","illusionbox","I01-R75.jpg","neue_ringe/simon-und-soehne/illusionbox/i01-r75.jpg"
"Bilder Illusionbox","illusionbox","I01-W55.jpg","neue_ringe/simon-und-soehne/illusionbox/i01-w55.jpg"
"Bilder Illusionbox","illusionbox","I01-W65.jpg","neue_ringe/simon-und-soehne/illusionbox/i01-w65.jpg"
"Bilder Illusionbox","illusionbox","I01-W75.jpg","neue_ringe/simon-und-soehne/illusionbox/i01-w75.jpg"
"Bilder Illusionbox","illusionbox","I05-G10.jpg","neue_ringe/simon-und-soehne/illusionbox/i05-g10.jpg"
"Bilder Illusionbox","illusionbox","I05-G25.jpg","neue_ringe/simon-und-soehne/illusionbox/i05-g25.jpg"
"Bilder Illusionbox","illusionbox","I05-G50.jpg","neue_ringe/simon-und-soehne/illusionbox/i05-g50.jpg"
"Bilder Illusionbox","illusionbox","I05-R10.jpg","neue_ringe/simon-und-soehne/illusionbox/i05-r10.jpg"
"Bilder Illusionbox","illusionbox","I05-R25.jpg","neue_ringe/simon-und-soehne/illusionbox/i05-r25.jpg"
"Bilder Illusionbox","illusionbox","I05-R50.jpg","neue_ringe/simon-und-soehne/illusionbox/i05-r50.jpg"
"Bilder Illusionbox","illusionbox","I05-W10.jpg","neue_ringe/simon-und-soehne/illusionbox/i05-w10.jpg"
"Bilder Illusionbox","illusionbox","I05-W25.jpg","neue_ringe/simon-und-soehne/illusionbox/i05-w25.jpg"
"Bilder Illusionbox","illusionbox","I05-W50.jpg","neue_ringe/simon-und-soehne/illusionbox/i05-w50.jpg"
"Bilder Illusionbox","illusionbox","I13-G55.jpg","neue_ringe/simon-und-soehne/illusionbox/i13-g55.jpg"
"Bilder Illusionbox","illusionbox","I13-G65.jpg","neue_ringe/simon-und-soehne/illusionbox/i13-g65.jpg"
"Bilder Illusionbox","illusionbox","I13-G75.jpg","neue_ringe/simon-und-soehne/illusionbox/i13-g75.jpg"
"Bilder Illusionbox","illusionbox","I13-R55.jpg","neue_ringe/simon-und-soehne/illusionbox/i13-r55.jpg"
"Bilder Illusionbox","illusionbox","I13-R65.jpg","neue_ringe/simon-und-soehne/illusionbox/i13-r65.jpg"
"Bilder Illusionbox","illusionbox","I13-R75.jpg","neue_ringe/simon-und-soehne/illusionbox/i13-r75.jpg"
"Bilder Illusionbox","illusionbox","I13-W55.jpg","neue_ringe/simon-und-soehne/illusionbox/i13-w55.jpg"
"Bilder Illusionbox","illusionbox","I13-W65.jpg","neue_ringe/simon-und-soehne/illusionbox/i13-w65.jpg"
"Bilder Illusionbox","illusionbox","I13-W75.jpg","neue_ringe/simon-und-soehne/illusionbox/i13-w75.jpg"
"Bilder Luminous","luminous","S501.jpg","neue_ringe/simon-und-soehne/luminous/s501.jpg"
"Bilder Luminous","luminous","S502.jpg","neue_ringe/simon-und-soehne/luminous/s502.jpg"
"Bilder Luminous","luminous","S503.jpg","neue_ringe/simon-und-soehne/luminous/s503.jpg"
"Bilder Luminous","luminous","S504.jpg","neue_ringe/simon-und-soehne/luminous/s504.jpg"
"Bilder Luminous","luminous","S505.jpg","neue_ringe/simon-und-soehne/luminous/s505.jpg"
"Bilder Luminous","luminous","S506.jpg","neue_ringe/simon-und-soehne/luminous/s506.jpg"
"Bilder Luminous","luminous","S507.jpg","neue_ringe/simon-und-soehne/luminous/s507.jpg"
"Bilder Luminous","luminous","S508.jpg","neue_ringe/simon-und-soehne/luminous/s508.jpg"
"Bilder Luminous","luminous","S509.jpg","neue_ringe/simon-und-soehne/luminous/s509.jpg"
"Bilder Luminous","luminous","S510.jpg","neue_ringe/simon-und-soehne/luminous/s510.jpg"
"Bilder Luminous","luminous","S511.jpg","neue_ringe/simon-und-soehne/luminous/s511.jpg"
"Bilder Luminous","luminous","S512.jpg","neue_ringe/simon-und-soehne/luminous/s512.jpg"
"Bilder Modifikator II","modifikator-ii","S313.1.png","neue_ringe/simon-und-soehne/modifikator-ii/s313-1.png"
"Bilder Modifikator II","modifikator-ii","S313.png","neue_ringe/simon-und-soehne/modifikator-ii/s313.png"
"Bilder Modifikator II","modifikator-ii","S314.1.png","neue_ringe/simon-und-soehne/modifikator-ii/s314-1.png"
"Bilder Modifikator II","modifikator-ii","S314.png","neue_ringe/simon-und-soehne/modifikator-ii/s314.png"
"Bilder Modifikator II","modifikator-ii","S315.1.png","neue_ringe/simon-und-soehne/modifikator-ii/s315-1.png"
"Bilder Modifikator II","modifikator-ii","S315.png","neue_ringe/simon-und-soehne/modifikator-ii/s315.png"
"Bilder Modifikator II","modifikator-ii","S316.1.png","neue_ringe/simon-und-soehne/modifikator-ii/s316-1.png"
"Bilder Modifikator II","modifikator-ii","S316.2.png","neue_ringe/simon-und-soehne/modifikator-ii/s316-2.png"
"Bilder Modifikator II","modifikator-ii","S316.png","neue_ringe/simon-und-soehne/modifikator-ii/s316.png"
"Bilder Modifikator II","modifikator-ii","S317.1.png","neue_ringe/simon-und-soehne/modifikator-ii/s317-1.png"
"Bilder Modifikator II","modifikator-ii","S317.png","neue_ringe/simon-und-soehne/modifikator-ii/s317.png"
"Bilder Modifikator II","modifikator-ii","S318.1.png","neue_ringe/simon-und-soehne/modifikator-ii/s318-1.png"
"Bilder Modifikator II","modifikator-ii","S318.png","neue_ringe/simon-und-soehne/modifikator-ii/s318.png"
"Bilder Modifikator II","modifikator-ii","S319.1.png","neue_ringe/simon-und-soehne/modifikator-ii/s319-1.png"
"Bilder Modifikator II","modifikator-ii","S319.png","neue_ringe/simon-und-soehne/modifikator-ii/s319.png"
"Bilder Modifikator II","modifikator-ii","S320.1.png","neue_ringe/simon-und-soehne/modifikator-ii/s320-1.png"
"Bilder Modifikator II","modifikator-ii","S320.png","neue_ringe/simon-und-soehne/modifikator-ii/s320.png"
"Bilder Modifikator II","modifikator-ii","S321.1.png","neue_ringe/simon-und-soehne/modifikator-ii/s321-1.png"
"Bilder Modifikator II","modifikator-ii","S321.png","neue_ringe/simon-und-soehne/modifikator-ii/s321.png"
"Bilder Modifikator II","modifikator-ii","S322.1.png","neue_ringe/simon-und-soehne/modifikator-ii/s322-1.png"
"Bilder Modifikator II","modifikator-ii","S322.png","neue_ringe/simon-und-soehne/modifikator-ii/s322.png"
"Bilder Modifikator II","modifikator-ii","S323.1.png","neue_ringe/simon-und-soehne/modifikator-ii/s323-1.png"
"Bilder Modifikator II","modifikator-ii","S323.png","neue_ringe/simon-und-soehne/modifikator-ii/s323.png"
"Bilder Modifikator II","modifikator-ii","S324.1.png","neue_ringe/simon-und-soehne/modifikator-ii/s324-1.png"
"Bilder Modifikator II","modifikator-ii","S324.png","neue_ringe/simon-und-soehne/modifikator-ii/s324.png"
"Bilder Ringsets","ringsets","A 13 red.jpg","neue_ringe/simon-und-soehne/ringsets/a-13-red.jpg"
"Bilder Ringsets","ringsets","A 13 rose.jpg","neue_ringe/simon-und-soehne/ringsets/a-13-rose.jpg"
"Bilder Ringsets","ringsets","A 13 white.jpg","neue_ringe/simon-und-soehne/ringsets/a-13-white.jpg"
"Bilder Ringsets","ringsets","A 13 yellow.jpg","neue_ringe/simon-und-soehne/ringsets/a-13-yellow.jpg"
"Bilder Ringsets","ringsets","A 14 red.jpg","neue_ringe/simon-und-soehne/ringsets/a-14-red.jpg"
"Bilder Ringsets","ringsets","A 14 rose.jpg","neue_ringe/simon-und-soehne/ringsets/a-14-rose.jpg"
"Bilder Ringsets","ringsets","A 14 white.jpg","neue_ringe/simon-und-soehne/ringsets/a-14-white.jpg"
"Bilder Ringsets","ringsets","A 14 yellow.jpg","neue_ringe/simon-und-soehne/ringsets/a-14-yellow.jpg"
"Bilder Ringsets","ringsets","A 15 red.jpg","neue_ringe/simon-und-soehne/ringsets/a-15-red.jpg"
"Bilder Ringsets","ringsets","A 15 rose.jpg","neue_ringe/simon-und-soehne/ringsets/a-15-rose.jpg"
"Bilder Ringsets","ringsets","A 15 white.jpg","neue_ringe/simon-und-soehne/ringsets/a-15-white.jpg"
"Bilder Ringsets","ringsets","A 15 yellow.jpg","neue_ringe/simon-und-soehne/ringsets/a-15-yellow.jpg"
"Bilder Ringsets","ringsets","A 16 red.jpg","neue_ringe/simon-und-soehne/ringsets/a-16-red.jpg"
"Bilder Ringsets","ringsets","A 16 rose.jpg","neue_ringe/simon-und-soehne/ringsets/a-16-rose.jpg"
"Bilder Ringsets","ringsets","A 16 white.jpg","neue_ringe/simon-und-soehne/ringsets/a-16-white.jpg"
"Bilder Ringsets","ringsets","A 16 yellow.jpg","neue_ringe/simon-und-soehne/ringsets/a-16-yellow.jpg"
"Bilder Ringsets","ringsets","A 17 red.jpg","neue_ringe/simon-und-soehne/ringsets/a-17-red.jpg"
"Bilder Ringsets","ringsets","A 17 rose.jpg","neue_ringe/simon-und-soehne/ringsets/a-17-rose.jpg"
"Bilder Ringsets","ringsets","A 17 white.jpg","neue_ringe/simon-und-soehne/ringsets/a-17-white.jpg"
"Bilder Ringsets","ringsets","A 17 yellow.jpg","neue_ringe/simon-und-soehne/ringsets/a-17-yellow.jpg"
"Bilder Ringsets","ringsets","A 18 red.jpg","neue_ringe/simon-und-soehne/ringsets/a-18-red.jpg"
"Bilder Ringsets","ringsets","A 18 rose.jpg","neue_ringe/simon-und-soehne/ringsets/a-18-rose.jpg"
"Bilder Ringsets","ringsets","A 18 white.jpg","neue_ringe/simon-und-soehne/ringsets/a-18-white.jpg"
"Bilder Ringsets","ringsets","A 18 yellow.jpg","neue_ringe/simon-und-soehne/ringsets/a-18-yellow.jpg"
"Bilder Ringsets","ringsets","A 19 red.jpg","neue_ringe/simon-und-soehne/ringsets/a-19-red.jpg"
"Bilder Ringsets","ringsets","A 19 rose.jpg","neue_ringe/simon-und-soehne/ringsets/a-19-rose.jpg"
"Bilder Ringsets","ringsets","A 19 white.jpg","neue_ringe/simon-und-soehne/ringsets/a-19-white.jpg"
"Bilder Ringsets","ringsets","A 19 yellow.jpg","neue_ringe/simon-und-soehne/ringsets/a-19-yellow.jpg"
"Bilder Ringsets","ringsets","A 20 red.jpg","neue_ringe/simon-und-soehne/ringsets/a-20-red.jpg"
"Bilder Ringsets","ringsets","A 20 rose.jpg","neue_ringe/simon-und-soehne/ringsets/a-20-rose.jpg"
"Bilder Ringsets","ringsets","A 20 white.jpg","neue_ringe/simon-und-soehne/ringsets/a-20-white.jpg"
"Bilder Ringsets","ringsets","A 20 yellow.jpg","neue_ringe/simon-und-soehne/ringsets/a-20-yellow.jpg"
"Bilder Ringsets","ringsets","A 21 red.jpg","neue_ringe/simon-und-soehne/ringsets/a-21-red.jpg"
"Bilder Ringsets","ringsets","A 21 rose.jpg","neue_ringe/simon-und-soehne/ringsets/a-21-rose.jpg"
"Bilder Ringsets","ringsets","A 21 white.jpg","neue_ringe/simon-und-soehne/ringsets/a-21-white.jpg"
"Bilder Ringsets","ringsets","A 21 yellow.jpg","neue_ringe/simon-und-soehne/ringsets/a-21-yellow.jpg"
"Bilder Ringsets","ringsets","A 22 red.jpg","neue_ringe/simon-und-soehne/ringsets/a-22-red.jpg"
"Bilder Ringsets","ringsets","A 22 rose.jpg","neue_ringe/simon-und-soehne/ringsets/a-22-rose.jpg"
"Bilder Ringsets","ringsets","A 22 white.jpg","neue_ringe/simon-und-soehne/ringsets/a-22-white.jpg"
"Bilder Ringsets","ringsets","A 22 yellow.jpg","neue_ringe/simon-und-soehne/ringsets/a-22-yellow.jpg"
"Bilder Ringsets","ringsets","A 23 red.jpg","neue_ringe/simon-und-soehne/ringsets/a-23-red.jpg"
"Bilder Ringsets","ringsets","A 23 rose.jpg","neue_ringe/simon-und-soehne/ringsets/a-23-rose.jpg"
"Bilder Ringsets","ringsets","A 23 white.jpg","neue_ringe/simon-und-soehne/ringsets/a-23-white.jpg"
"Bilder Ringsets","ringsets","A 23 yellow.jpg","neue_ringe/simon-und-soehne/ringsets/a-23-yellow.jpg"
"Bilder Ringsets","ringsets","A 24 red.jpg","neue_ringe/simon-und-soehne/ringsets/a-24-red.jpg"
"Bilder Ringsets","ringsets","A 24 rose.jpg","neue_ringe/simon-und-soehne/ringsets/a-24-rose.jpg"
"Bilder Ringsets","ringsets","A 24 white.jpg","neue_ringe/simon-und-soehne/ringsets/a-24-white.jpg"
"Bilder Ringsets","ringsets","A 24 yellow.jpg","neue_ringe/simon-und-soehne/ringsets/a-24-yellow.jpg"
"Bilder Royal II","royal-ii","S 413.jpg","neue_ringe/simon-und-soehne/royal-ii/s-413.jpg"
"Bilder Royal II","royal-ii","S 414.jpg","neue_ringe/simon-und-soehne/royal-ii/s-414.jpg"
"Bilder Royal II","royal-ii","S 415.jpg","neue_ringe/simon-und-soehne/royal-ii/s-415.jpg"
"Bilder Royal II","royal-ii","S 416.jpg","neue_ringe/simon-und-soehne/royal-ii/s-416.jpg"
"Bilder Royal II","royal-ii","S 417.jpg","neue_ringe/simon-und-soehne/royal-ii/s-417.jpg"
"Bilder Royal II","royal-ii","S 418.jpg","neue_ringe/simon-und-soehne/royal-ii/s-418.jpg"
"Bilder Royal II","royal-ii","S 419.jpg","neue_ringe/simon-und-soehne/royal-ii/s-419.jpg"
"Bilder Royal II","royal-ii","S 420.jpg","neue_ringe/simon-und-soehne/royal-ii/s-420.jpg"
"Bilder Royal II","royal-ii","S 421.jpg","neue_ringe/simon-und-soehne/royal-ii/s-421.jpg"
"Bilder Royal II","royal-ii","S 422.jpg","neue_ringe/simon-und-soehne/royal-ii/s-422.jpg"
"Bilder Royal II","royal-ii","S 423.jpg","neue_ringe/simon-und-soehne/royal-ii/s-423.jpg"
"Bilder Royal II","royal-ii","S 424.jpg","neue_ringe/simon-und-soehne/royal-ii/s-424.jpg"
"Bilder Royal","royal","S401.jpg","neue_ringe/simon-und-soehne/royal/s401.jpg"
"Bilder Royal","royal","S402.jpg","neue_ringe/simon-und-soehne/royal/s402.jpg"
"Bilder Royal","royal","S403.jpg","neue_ringe/simon-und-soehne/royal/s403.jpg"
"Bilder Royal","royal","S404.jpg","neue_ringe/simon-und-soehne/royal/s404.jpg"
"Bilder Royal","royal","S405.jpg","neue_ringe/simon-und-soehne/royal/s405.jpg"
"Bilder Royal","royal","S406.jpg","neue_ringe/simon-und-soehne/royal/s406.jpg"
"Bilder Royal","royal","S407.jpg","neue_ringe/simon-und-soehne/royal/s407.jpg"
"Bilder Royal","royal","S408.jpg","neue_ringe/simon-und-soehne/royal/s408.jpg"
"Bilder Royal","royal","S409.jpg","neue_ringe/simon-und-soehne/royal/s409.jpg"
"Bilder Royal","royal","S410.jpg","neue_ringe/simon-und-soehne/royal/s410.jpg"
"Bilder Royal","royal","S411.jpg","neue_ringe/simon-und-soehne/royal/s411.jpg"
"Bilder Royal","royal","S412.jpg","neue_ringe/simon-und-soehne/royal/s412.jpg"
